time,open,high,low,close,volume
2026-07-07,1351362.51744982,4380823.8248098,1002824.23238267,1073801.70496401,2036
