time,open,high,low,close,volume
2026-07-07,173500.72904769,562904.33908592,123124.63812736,131397.68377608,2029
