time,open,high,low,close,volume
2026-07-07,575387.58655747,1865281.60663178,407582.42938746,436438.22789778,2033
