time,open,high,low,close,volume
2026-07-07,292816.89771429,949274.69167035,223664.09835122,239472.27868191,2031
