time,open,high,low,close,volume
2026-07-07,292761.45642221,949069.06675252,223643.34395815,239472.27868191,2031
