time,open,high,low,close,volume
2026-07-07,972409.00726548,3152338.83690017,742832.7647279,795408.67034371,2035
