time,open,high,low,close,volume
2026-07-07,1351618.4298399,4381772.97231712,1002917.29577515,1073801.70496401,2036
