time,open,high,low,close,volume
2026-07-07,978800.62328931,3175612.69611795,745328.24236329,795408.67034371,2035
