time,open,high,low,close,volume
2026-07-07,172642.6941233,559670.1239146,122710.11965955,131397.68377608,2029
