time,open,high,low,close,volume
2026-07-07,409526.54652867,1328664.56110682,302932.78153261,323287.57622058,2032
