time,open,high,low,close,volume
2026-07-07,972378.86730092,3152241.12968014,742818.97755864,795408.67034371,2035
