time,open,high,low,close,volume
2026-07-07,87386.10659549,283514.7658942,67558.10048141,72097.49452734,2027
