time,open,high,low,close,volume
2026-07-07,172646.7212371,559683.17894305,122712.39723355,131397.68377608,2029
