time,open,high,low,close,volume
2026-07-07,226845.98044047,735977.23418811,166218.26147194,177386.87309771,2030
