time,open,high,low,close,volume
2026-07-07,294685.76893068,956076.08629909,224394.65298712,239472.27868191,2031
