time,open,high,low,close,volume
2026-07-07,121656.57216404,394384.18847569,90898.07202485,97331.61761191,2028
