time,open,high,low,close,volume
2026-07-07,753470.34182038,2444552.98321353,552094.99434317,589191.60766201,2034
