time,open,high,low,close,volume
2026-07-07,748691.89921238,2427162.76734268,550297.55598088,589191.60766201,2034
