time,open,high,low,close,volume
2026-07-07,103698.7340633,282210.66504371,59584.97277211,53405.55150174,64453
