time,open,high,low,close,volume
2026-07-07,225364.66507447,730583.30483491,165661.7362653,177386.87309771,2030
