time,open,high,low,close,volume
2026-07-07,406839.7076669,1318885.98448712,301912.91065738,323287.57622058,2032
