time,open,high,low,close,volume
2026-07-07,406852.31811616,1318926.8648252,301918.5143435,323287.57622058,2032
