time,open,high,low,close,volume
2026-07-07,748550.14357401,2426637.01315482,550246.49239104,589191.60766201,2034
