time,open,high,low,close,volume
2026-07-07,748526.94214885,2426561.7991728,550236.27967307,589191.60766201,2034
