time,open,high,low,close,volume
2026-07-07,1351320.63176377,4380688.04051137,1002805.61970417,1073801.70496401,2036
