time,open,high,low,close,volume
2026-07-07,122059.13476835,396007.65347387,91203.4356499,97331.61761191,2028
