time,open,high,low,close,volume
2026-07-07,87240.58626912,282815.03584942,67330.65550593,72097.49452734,2027
