time,open,high,low,close,volume
2026-07-07,172671.32602258,559778.21310821,122723.78510355,131397.68377608,2029
