time,open,high,low,close,volume
2026-07-07,292752.3822365,949039.65021295,223639.19307954,239472.27868191,2031
