time,open,high,low,close,volume
2026-07-07,575514.38793405,1865743.56679032,407627.81924509,436438.22789778,2033
