time,open,high,low,close,volume
2026-07-07,225407.34319328,730741.59271646,165677.10988979,177386.87309771,2030
