time,open,high,low,close,volume
2026-07-07,121654.67386123,394378.03459022,90896.384933,97331.61761191,2028
