time,open,high,low,close,volume
2026-07-07,87241.26925637,282817.24994578,67331.9052036,72097.49452734,2027
