time,open,high,low,close,volume
2026-07-07,972593.15586363,3153021.82134988,742901.70057418,795408.67034371,2035
