time,open,high,low,close,volume
2026-07-07,225357.67986252,730560.66029465,165658.6615404,177386.87309771,2030
