time,open,high,low,close,volume
2026-07-07,579187.54437626,1879111.30785107,408959.25506902,436438.22789778,2033
