time,open,high,low,close,volume
2026-07-07,406929.36520589,1319212.62298306,301946.53277414,323287.57622058,2032
