time,open,high,low,close,volume
2026-07-07,87245.44215926,282838.49344714,67338.15369193,72097.49452734,2027
