time,open,high,low,close,volume
2026-07-07,1360244.98383588,4413167.6438698,1006193.12719044,1073801.70496401,2036
