time,open,high,low,close,volume
2026-07-07,575405.42133571,1865339.42310992,407589.99436373,436438.22789778,2033
