time,open,high,low,close,volume
2026-07-07,121668.17037942,394432.54752227,90906.50748411,97331.61761191,2028
