{
  "timestamp_utc": "2026-07-23T01:11:56.720325+00:00",
  "J_tot": 0.174,
  "J_tech": 0.348,
  "J_soc": 0.0,
  "tech_C_hash": 0.0,
  "tech_C_nodes": 0.5,
  "tech_C_mempool": 0.6599999999999999,
  "soc_C_custody": 0.0,
  "soc_C_gov": 0.0
}