{
  "generated_at": "2026-06-21T19:43:32.879745+00:00",
  "rows": 874,
  "samples_per_day": 250,
  "min_train": 500,
  "horizons_days": [
    1,
    3,
    7,
    14,
    30
  ],
  "deviation_thresholds": [
    0.03,
    0.05,
    0.1
  ],
  "models": {
    "always_long": {
      "valid_rows": 874,
      "horizon_1d": {
        "future_return_mean": 0.008096492693772508,
        "future_return_median": 0.0027688705845352836,
        "positive_return_rate": 0.534324942791762
      },
      "horizon_3d": {
        "future_return_mean": 0.02487159182374245,
        "future_return_median": 0.01227862645523458,
        "positive_return_rate": 0.5526315789473685
      },
      "horizon_7d": {
        "future_return_mean": 0.06168424328108236,
        "future_return_median": 0.026519364482913654,
        "positive_return_rate": 0.5675057208237986
      },
      "horizon_14d": {
        "future_return_mean": 0.13215725711285284,
        "future_return_median": 0.05646345362030113,
        "positive_return_rate": 0.5823798627002288
      },
      "horizon_30d": {
        "future_return_mean": 0.33242902692760506,
        "future_return_median": 0.09998532859391968,
        "positive_return_rate": 0.5881006864988558
      }
    },
    "cohesive_v2": {
      "valid_rows": 874,
      "deviation": {
        "mean": -0.14645456711558508,
        "median": -0.29848991289670734,
        "mae": 0.40043891716757957,
        "p10": -0.5670559797648307,
        "p50": -0.29848991289670734,
        "p90": 0.4734753146161379
      },
      "horizon_1d": {
        "future_return_mean": 0.008096492693772508,
        "future_return_median": 0.0027688705845352836,
        "corr_dev_vs_future_return": -0.031965040423751145,
        "threshold_3pct": {
          "events": 844,
          "below_model_events": 617,
          "above_model_events": 227,
          "directional_hit_rate": 0.5284360189573459
        },
        "threshold_5pct": {
          "events": 821,
          "below_model_events": 607,
          "above_model_events": 214,
          "directional_hit_rate": 0.5274056029232643
        },
        "threshold_10pct": {
          "events": 762,
          "below_model_events": 571,
          "above_model_events": 191,
          "directional_hit_rate": 0.5301837270341208
        }
      },
      "horizon_3d": {
        "future_return_mean": 0.02487159182374245,
        "future_return_median": 0.01227862645523458,
        "corr_dev_vs_future_return": -0.04603342517541928,
        "threshold_3pct": {
          "events": 844,
          "below_model_events": 617,
          "above_model_events": 227,
          "directional_hit_rate": 0.5556872037914692
        },
        "threshold_5pct": {
          "events": 821,
          "below_model_events": 607,
          "above_model_events": 214,
          "directional_hit_rate": 0.559074299634592
        },
        "threshold_10pct": {
          "events": 762,
          "below_model_events": 571,
          "above_model_events": 191,
          "directional_hit_rate": 0.5603674540682415
        }
      },
      "horizon_7d": {
        "future_return_mean": 0.06168424328108236,
        "future_return_median": 0.026519364482913654,
        "corr_dev_vs_future_return": -0.08260109884064629,
        "threshold_3pct": {
          "events": 844,
          "below_model_events": 617,
          "above_model_events": 227,
          "directional_hit_rate": 0.5734597156398105
        },
        "threshold_5pct": {
          "events": 821,
          "below_model_events": 607,
          "above_model_events": 214,
          "directional_hit_rate": 0.5749086479902558
        },
        "threshold_10pct": {
          "events": 762,
          "below_model_events": 571,
          "above_model_events": 191,
          "directional_hit_rate": 0.5774278215223098
        }
      },
      "horizon_14d": {
        "future_return_mean": 0.13215725711285284,
        "future_return_median": 0.05646345362030113,
        "corr_dev_vs_future_return": -0.09464708695602496,
        "threshold_3pct": {
          "events": 844,
          "below_model_events": 617,
          "above_model_events": 227,
          "directional_hit_rate": 0.5509478672985783
        },
        "threshold_5pct": {
          "events": 821,
          "below_model_events": 607,
          "above_model_events": 214,
          "directional_hit_rate": 0.5542021924482339
        },
        "threshold_10pct": {
          "events": 762,
          "below_model_events": 571,
          "above_model_events": 191,
          "directional_hit_rate": 0.5603674540682415
        }
      },
      "horizon_30d": {
        "future_return_mean": 0.33242902692760506,
        "future_return_median": 0.09998532859391968,
        "corr_dev_vs_future_return": -0.12108813543334317,
        "threshold_3pct": {
          "events": 844,
          "below_model_events": 617,
          "above_model_events": 227,
          "directional_hit_rate": 0.580568720379147
        },
        "threshold_5pct": {
          "events": 821,
          "below_model_events": 607,
          "above_model_events": 214,
          "directional_hit_rate": 0.5858708891595615
        },
        "threshold_10pct": {
          "events": 762,
          "below_model_events": 571,
          "above_model_events": 191,
          "directional_hit_rate": 0.5866141732283464
        }
      }
    },
    "cost_only": {
      "valid_rows": 874,
      "deviation": {
        "mean": 1.5419494179837259,
        "median": 0.7127352812140125,
        "mae": 1.5541247898534511,
        "p10": 0.031675486917812946,
        "p50": 0.7127352812140125,
        "p90": 3.970541119781343
      },
      "horizon_1d": {
        "future_return_mean": 0.008096492693772508,
        "future_return_median": 0.0027688705845352836,
        "corr_dev_vs_future_return": 0.002088616495942903,
        "threshold_3pct": {
          "events": 840,
          "below_model_events": 53,
          "above_model_events": 787,
          "directional_hit_rate": 0.48214285714285715
        },
        "threshold_5pct": {
          "events": 821,
          "below_model_events": 45,
          "above_model_events": 776,
          "directional_hit_rate": 0.48112058465286234
        },
        "threshold_10pct": {
          "events": 777,
          "below_model_events": 22,
          "above_model_events": 755,
          "directional_hit_rate": 0.4749034749034749
        }
      },
      "horizon_3d": {
        "future_return_mean": 0.02487159182374245,
        "future_return_median": 0.01227862645523458,
        "corr_dev_vs_future_return": 0.009013605188546844,
        "threshold_3pct": {
          "events": 840,
          "below_model_events": 53,
          "above_model_events": 787,
          "directional_hit_rate": 0.4666666666666667
        },
        "threshold_5pct": {
          "events": 821,
          "below_model_events": 45,
          "above_model_events": 776,
          "directional_hit_rate": 0.4689403166869671
        },
        "threshold_10pct": {
          "events": 777,
          "below_model_events": 22,
          "above_model_events": 755,
          "directional_hit_rate": 0.45817245817245816
        }
      },
      "horizon_7d": {
        "future_return_mean": 0.06168424328108236,
        "future_return_median": 0.026519364482913654,
        "corr_dev_vs_future_return": 0.002051746016472843,
        "threshold_3pct": {
          "events": 840,
          "below_model_events": 53,
          "above_model_events": 787,
          "directional_hit_rate": 0.4654761904761905
        },
        "threshold_5pct": {
          "events": 821,
          "below_model_events": 45,
          "above_model_events": 776,
          "directional_hit_rate": 0.464068209500609
        },
        "threshold_10pct": {
          "events": 777,
          "below_model_events": 22,
          "above_model_events": 755,
          "directional_hit_rate": 0.4555984555984556
        }
      },